Castle,BusinessDate,DayOfWeek,HourMinute,Product,ProductUOM,ForecastedAmountOZ,ForecastedSales
CHIC 42,1/23/2022,SUNDAY,6:00,FRENCH FRIES,OZ,0,13.5
CHIC 42,1/23/2022,SUNDAY,6:15,FRENCH FRIES,OZ,0,27.75
CHIC 42,1/23/2022,SUNDAY,6:30,FRENCH FRIES,OZ,0,26.13
CHIC 42,1/23/2022,SUNDAY,6:45,FRENCH FRIES,OZ,4.46,20.61
CHIC 42,1/23/2022,SUNDAY,7:00,FRENCH FRIES,OZ,0,21.4
CHIC 42,1/23/2022,SUNDAY,7:15,FRENCH FRIES,OZ,0,21.95
CHIC 42,1/23/2022,SUNDAY,7:30,FRENCH FRIES,OZ,0,25
CHIC 42,1/23/2022,SUNDAY,7:45,FRENCH FRIES,OZ,12.54,20.89
CHIC 42,1/23/2022,SUNDAY,8:00,FRENCH FRIES,OZ,12.54,28.44
CHIC 42,1/23/2022,SUNDAY,8:15,FRENCH FRIES,OZ,0,35.19
CHIC 42,1/23/2022,SUNDAY,8:30,FRENCH FRIES,OZ,8.92,34.28
CHIC 42,1/23/2022,SUNDAY,8:45,FRENCH FRIES,OZ,0,33.29
CHIC 42,1/23/2022,SUNDAY,9:00,FRENCH FRIES,OZ,12.98,34.2
CHIC 42,1/23/2022,SUNDAY,9:15,FRENCH FRIES,OZ,8.92,49.54
CHIC 42,1/23/2022,SUNDAY,9:30,FRENCH FRIES,OZ,0,53.23
CHIC 42,1/23/2022,SUNDAY,9:45,FRENCH FRIES,OZ,21.46,62.65
CHIC 42,1/23/2022,SUNDAY,10:00,FRENCH FRIES,OZ,17,58.58
CHIC 42,1/23/2022,SUNDAY,10:15,FRENCH FRIES,OZ,21.46,54.56
CHIC 42,1/23/2022,SUNDAY,10:30,FRENCH FRIES,OZ,4.46,57.09
CHIC 42,1/23/2022,SUNDAY,10:45,FRENCH FRIES,OZ,4.46,75.83
CHIC 42,1/23/2022,SUNDAY,11:00,FRENCH FRIES,OZ,30.82,70.49
CHIC 42,1/23/2022,SUNDAY,11:15,FRENCH FRIES,OZ,5,97.15
CHIC 42,1/23/2022,SUNDAY,11:30,FRENCH FRIES,OZ,29.54,115.3
CHIC 42,1/23/2022,SUNDAY,11:45,FRENCH FRIES,OZ,13.52,94.27
CHIC 42,1/23/2022,SUNDAY,12:00,FRENCH FRIES,OZ,0,128.11
CHIC 42,1/23/2022,SUNDAY,12:15,FRENCH FRIES,OZ,9.46,116.91
CHIC 42,1/23/2022,SUNDAY,12:30,FRENCH FRIES,OZ,31.22,145.37
CHIC 42,1/23/2022,SUNDAY,12:45,FRENCH FRIES,OZ,46.98,138.58
CHIC 42,1/23/2022,SUNDAY,13:00,FRENCH FRIES,OZ,22.3,127.64
CHIC 42,1/23/2022,SUNDAY,13:15,FRENCH FRIES,OZ,26.36,139.89
CHIC 42,1/23/2022,SUNDAY,13:30,FRENCH FRIES,OZ,13.38,145.49
CHIC 42,1/23/2022,SUNDAY,13:45,FRENCH FRIES,OZ,4.46,135.35
CHIC 42,1/23/2022,SUNDAY,14:00,FRENCH FRIES,OZ,12.98,139.58
CHIC 42,1/23/2022,SUNDAY,14:15,FRENCH FRIES,OZ,22.84,116.83
CHIC 42,1/23/2022,SUNDAY,14:30,FRENCH FRIES,OZ,21.9,127.99
CHIC 42,1/23/2022,SUNDAY,14:45,FRENCH FRIES,OZ,17.84,116.58
CHIC 42,1/23/2022,SUNDAY,15:00,FRENCH FRIES,OZ,13.38,91.19
CHIC 42,1/23/2022,SUNDAY,15:15,FRENCH FRIES,OZ,0,113.1
CHIC 42,1/23/2022,SUNDAY,15:30,FRENCH FRIES,OZ,34.44,97.75
CHIC 42,1/23/2022,SUNDAY,15:45,FRENCH FRIES,OZ,68,102.3
CHIC 42,1/23/2022,SUNDAY,16:00,FRENCH FRIES,OZ,8.92,103.85
CHIC 42,1/23/2022,SUNDAY,16:15,FRENCH FRIES,OZ,17.44,107.23
CHIC 42,1/23/2022,SUNDAY,16:30,FRENCH FRIES,OZ,55.46,94.9
CHIC 42,1/23/2022,SUNDAY,16:45,FRENCH FRIES,OZ,46.14,118.74
CHIC 42,1/23/2022,SUNDAY,17:00,FRENCH FRIES,OZ,43.9,92.2
CHIC 42,1/23/2022,SUNDAY,17:15,FRENCH FRIES,OZ,29.54,125.3
CHIC 42,1/23/2022,SUNDAY,17:30,FRENCH FRIES,OZ,85.14,95.93
CHIC 42,1/23/2022,SUNDAY,17:45,FRENCH FRIES,OZ,63.98,113.67
CHIC 42,1/23/2022,SUNDAY,18:00,FRENCH FRIES,OZ,51.84,110.35
CHIC 42,1/23/2022,SUNDAY,18:15,FRENCH FRIES,OZ,31.22,121.37
CHIC 42,1/23/2022,SUNDAY,18:30,FRENCH FRIES,OZ,37.62,130.38
CHIC 42,1/23/2022,SUNDAY,18:45,FRENCH FRIES,OZ,33.6,101.02
CHIC 42,1/23/2022,SUNDAY,19:00,FRENCH FRIES,OZ,47.02,130.76
CHIC 42,1/23/2022,SUNDAY,19:15,FRENCH FRIES,OZ,13.92,89.94
CHIC 42,1/23/2022,SUNDAY,19:30,FRENCH FRIES,OZ,12.54,91.04
CHIC 42,1/23/2022,SUNDAY,19:45,FRENCH FRIES,OZ,26.46,93.56
CHIC 42,1/23/2022,SUNDAY,20:00,FRENCH FRIES,OZ,43.36,54.95
CHIC 42,1/23/2022,SUNDAY,20:15,FRENCH FRIES,OZ,26.36,76.42
CHIC 42,1/23/2022,SUNDAY,20:30,FRENCH FRIES,OZ,0,99.94
CHIC 42,1/23/2022,SUNDAY,20:45,FRENCH FRIES,OZ,13.38,79.16
CHIC 42,1/23/2022,SUNDAY,21:00,FRENCH FRIES,OZ,29.54,73.14
CHIC 42,1/23/2022,SUNDAY,21:15,FRENCH FRIES,OZ,26.76,85.68
CHIC 42,1/23/2022,SUNDAY,21:30,FRENCH FRIES,OZ,42.52,64.01
CHIC 42,1/23/2022,SUNDAY,21:45,FRENCH FRIES,OZ,67.64,52.01
CHIC 42,1/23/2022,SUNDAY,22:00,FRENCH FRIES,OZ,30.38,78
CHIC 42,1/23/2022,SUNDAY,22:15,FRENCH FRIES,OZ,17.44,72.08
CHIC 42,1/23/2022,SUNDAY,22:30,FRENCH FRIES,OZ,42.52,92.38
CHIC 42,1/23/2022,SUNDAY,22:45,FRENCH FRIES,OZ,18.92,75.27
CHIC 42,1/23/2022,SUNDAY,23:00,FRENCH FRIES,OZ,21.46,67.95
CHIC 42,1/23/2022,SUNDAY,23:15,FRENCH FRIES,OZ,34.84,86.67
CHIC 42,1/23/2022,SUNDAY,23:30,FRENCH FRIES,OZ,0,92.98
CHIC 42,1/23/2022,SUNDAY,23:45,FRENCH FRIES,OZ,13.38,84.74
CHIC 42,1/23/2022,SUNDAY,0:00,FRENCH FRIES,OZ,59.52,66.33
CHIC 42,1/23/2022,SUNDAY,0:15,FRENCH FRIES,OZ,17.44,61.93
CHIC 42,1/23/2022,SUNDAY,0:30,FRENCH FRIES,OZ,25.92,78.21
CHIC 42,1/23/2022,SUNDAY,0:45,FRENCH FRIES,OZ,0,79.56
CHIC 42,1/23/2022,SUNDAY,1:00,FRENCH FRIES,OZ,12.54,61.86
CHIC 42,1/23/2022,SUNDAY,1:15,FRENCH FRIES,OZ,18.38,72.41
CHIC 42,1/23/2022,SUNDAY,1:30,FRENCH FRIES,OZ,17.44,58.64
CHIC 42,1/23/2022,SUNDAY,1:45,FRENCH FRIES,OZ,0,43.41
CHIC 42,1/23/2022,SUNDAY,2:00,FRENCH FRIES,OZ,0,36.49
CHIC 42,1/23/2022,SUNDAY,2:15,FRENCH FRIES,OZ,8.92,33.96
CHIC 42,1/23/2022,SUNDAY,2:30,FRENCH FRIES,OZ,8.52,33.81
CHIC 42,1/23/2022,SUNDAY,2:45,FRENCH FRIES,OZ,0,25.83
CHIC 42,1/23/2022,SUNDAY,3:00,FRENCH FRIES,OZ,4.46,39.32
CHIC 42,1/23/2022,SUNDAY,3:15,FRENCH FRIES,OZ,8.92,28.3
CHIC 42,1/23/2022,SUNDAY,3:30,FRENCH FRIES,OZ,0,29.07
CHIC 42,1/23/2022,SUNDAY,3:45,FRENCH FRIES,OZ,0,17.37
CHIC 42,1/23/2022,SUNDAY,4:00,FRENCH FRIES,OZ,0,26.63
CHIC 42,1/23/2022,SUNDAY,4:15,FRENCH FRIES,OZ,0,10.08
CHIC 42,1/23/2022,SUNDAY,4:30,FRENCH FRIES,OZ,4.46,17.7
CHIC 42,1/23/2022,SUNDAY,4:45,FRENCH FRIES,OZ,0,23.4
CHIC 42,1/23/2022,SUNDAY,5:00,FRENCH FRIES,OZ,0,20.75
CHIC 42,1/23/2022,SUNDAY,5:15,FRENCH FRIES,OZ,0,18.11
CHIC 42,1/23/2022,SUNDAY,5:30,FRENCH FRIES,OZ,0,17.2
CHIC 42,1/23/2022,SUNDAY,5:45,FRENCH FRIES,OZ,0,21.02
CHIC 42,1/24/2022,MONDAY,6:00,FRENCH FRIES,OZ,0,11.07
CHIC 42,1/24/2022,MONDAY,6:15,FRENCH FRIES,OZ,17.44,23.57
CHIC 42,1/24/2022,MONDAY,6:30,FRENCH FRIES,OZ,0,26.73
CHIC 42,1/24/2022,MONDAY,6:45,FRENCH FRIES,OZ,0,24
CHIC 42,1/24/2022,MONDAY,7:00,FRENCH FRIES,OZ,0,24.24
CHIC 42,1/24/2022,MONDAY,7:15,FRENCH FRIES,OZ,0,29.06
CHIC 42,1/24/2022,MONDAY,7:30,FRENCH FRIES,OZ,0,39.29
CHIC 42,1/24/2022,MONDAY,7:45,FRENCH FRIES,OZ,0,35.33
CHIC 42,1/24/2022,MONDAY,8:00,FRENCH FRIES,OZ,0,33.6
CHIC 42,1/24/2022,MONDAY,8:15,FRENCH FRIES,OZ,12.98,30.03
CHIC 42,1/24/2022,MONDAY,8:30,FRENCH FRIES,OZ,26.76,40.75
CHIC 42,1/24/2022,MONDAY,8:45,FRENCH FRIES,OZ,4.46,37.06
CHIC 42,1/24/2022,MONDAY,9:00,FRENCH FRIES,OZ,21.06,34.84
CHIC 42,1/24/2022,MONDAY,9:15,FRENCH FRIES,OZ,17,40.76
CHIC 42,1/24/2022,MONDAY,9:30,FRENCH FRIES,OZ,4.46,46.37
CHIC 42,1/24/2022,MONDAY,9:45,FRENCH FRIES,OZ,4.46,39.33
CHIC 42,1/24/2022,MONDAY,10:00,FRENCH FRIES,OZ,0,73.5
CHIC 42,1/24/2022,MONDAY,10:15,FRENCH FRIES,OZ,35.38,77.66
CHIC 42,1/24/2022,MONDAY,10:30,FRENCH FRIES,OZ,12.98,73.67
CHIC 42,1/24/2022,MONDAY,10:45,FRENCH FRIES,OZ,22,90.48
CHIC 42,1/24/2022,MONDAY,11:00,FRENCH FRIES,OZ,30.82,105.68
CHIC 42,1/24/2022,MONDAY,11:15,FRENCH FRIES,OZ,25.92,115.74
CHIC 42,1/24/2022,MONDAY,11:30,FRENCH FRIES,OZ,31.22,123.43
CHIC 42,1/24/2022,MONDAY,11:45,FRENCH FRIES,OZ,102,112.25
CHIC 42,1/24/2022,MONDAY,12:00,FRENCH FRIES,OZ,57.14,141.97
CHIC 42,1/24/2022,MONDAY,12:15,FRENCH FRIES,OZ,47.86,152.85
CHIC 42,1/24/2022,MONDAY,12:30,FRENCH FRIES,OZ,60.36,163.86
CHIC 42,1/24/2022,MONDAY,12:45,FRENCH FRIES,OZ,34.44,140.71
CHIC 42,1/24/2022,MONDAY,13:00,FRENCH FRIES,OZ,21.46,123.52
CHIC 42,1/24/2022,MONDAY,13:15,FRENCH FRIES,OZ,13.38,125.18
CHIC 42,1/24/2022,MONDAY,13:30,FRENCH FRIES,OZ,43.76,102.92
CHIC 42,1/24/2022,MONDAY,13:45,FRENCH FRIES,OZ,26.76,140.03
CHIC 42,1/24/2022,MONDAY,14:00,FRENCH FRIES,OZ,22.3,109.54
CHIC 42,1/24/2022,MONDAY,14:15,FRENCH FRIES,OZ,8.92,117.95
CHIC 42,1/24/2022,MONDAY,14:30,FRENCH FRIES,OZ,22.3,100.89
CHIC 42,1/24/2022,MONDAY,14:45,FRENCH FRIES,OZ,39.74,107.6
CHIC 42,1/24/2022,MONDAY,15:00,FRENCH FRIES,OZ,31.76,114.88
CHIC 42,1/24/2022,MONDAY,15:15,FRENCH FRIES,OZ,8.92,104.47
CHIC 42,1/24/2022,MONDAY,15:30,FRENCH FRIES,OZ,43.6,96.82
CHIC 42,1/24/2022,MONDAY,15:45,FRENCH FRIES,OZ,60.36,92.48
CHIC 42,1/24/2022,MONDAY,16:00,FRENCH FRIES,OZ,43.76,108.67
CHIC 42,1/24/2022,MONDAY,16:15,FRENCH FRIES,OZ,22.3,99.95
CHIC 42,1/24/2022,MONDAY,16:30,FRENCH FRIES,OZ,8.92,90.66
CHIC 42,1/24/2022,MONDAY,16:45,FRENCH FRIES,OZ,17.44,99.1
CHIC 42,1/24/2022,MONDAY,17:00,FRENCH FRIES,OZ,12.54,112.02
CHIC 42,1/24/2022,MONDAY,17:15,FRENCH FRIES,OZ,25.08,110.94
CHIC 42,1/24/2022,MONDAY,17:30,FRENCH FRIES,OZ,12.54,95.22
CHIC 42,1/24/2022,MONDAY,17:45,FRENCH FRIES,OZ,48.22,138.53
CHIC 42,1/24/2022,MONDAY,18:00,FRENCH FRIES,OZ,38.46,109.99
CHIC 42,1/24/2022,MONDAY,18:15,FRENCH FRIES,OZ,34.88,88.6
CHIC 42,1/24/2022,MONDAY,18:30,FRENCH FRIES,OZ,31.22,94.08
CHIC 42,1/24/2022,MONDAY,18:45,FRENCH FRIES,OZ,25.92,80.01
CHIC 42,1/24/2022,MONDAY,19:00,FRENCH FRIES,OZ,42.56,77.36
CHIC 42,1/24/2022,MONDAY,19:15,FRENCH FRIES,OZ,46.98,95.4
CHIC 42,1/24/2022,MONDAY,19:30,FRENCH FRIES,OZ,29.54,62.7
CHIC 42,1/24/2022,MONDAY,19:45,FRENCH FRIES,OZ,17.98,83.29
CHIC 42,1/24/2022,MONDAY,20:00,FRENCH FRIES,OZ,17,83.38
CHIC 42,1/24/2022,MONDAY,20:15,FRENCH FRIES,OZ,25.92,70.33
CHIC 42,1/24/2022,MONDAY,20:30,FRENCH FRIES,OZ,13.38,50.32
CHIC 42,1/24/2022,MONDAY,20:45,FRENCH FRIES,OZ,17,53.18
CHIC 42,1/24/2022,MONDAY,21:00,FRENCH FRIES,OZ,12.98,59.76
CHIC 42,1/24/2022,MONDAY,21:15,FRENCH FRIES,OZ,13.38,79.61
CHIC 42,1/24/2022,MONDAY,21:30,FRENCH FRIES,OZ,21.06,51.45
CHIC 42,1/24/2022,MONDAY,21:45,FRENCH FRIES,OZ,38.46,56.46
CHIC 42,1/24/2022,MONDAY,22:00,FRENCH FRIES,OZ,30.38,60.12
CHIC 42,1/24/2022,MONDAY,22:15,FRENCH FRIES,OZ,17.44,76.27
CHIC 42,1/24/2022,MONDAY,22:30,FRENCH FRIES,OZ,13.38,59.8
CHIC 42,1/24/2022,MONDAY,22:45,FRENCH FRIES,OZ,8.92,49.81
CHIC 42,1/24/2022,MONDAY,23:00,FRENCH FRIES,OZ,34.44,56.67
CHIC 42,1/24/2022,MONDAY,23:15,FRENCH FRIES,OZ,35.82,67.95
CHIC 42,1/24/2022,MONDAY,23:30,FRENCH FRIES,OZ,17.84,62.66
CHIC 42,1/24/2022,MONDAY,23:45,FRENCH FRIES,OZ,29.98,48.3
CHIC 42,1/24/2022,MONDAY,0:00,FRENCH FRIES,OZ,17,58.68
CHIC 42,1/24/2022,MONDAY,0:15,FRENCH FRIES,OZ,4.46,54.94
CHIC 42,1/24/2022,MONDAY,0:30,FRENCH FRIES,OZ,9.46,43.68
CHIC 42,1/24/2022,MONDAY,0:45,FRENCH FRIES,OZ,26.36,44.28
CHIC 42,1/24/2022,MONDAY,1:00,FRENCH FRIES,OZ,0,48.33
CHIC 42,1/24/2022,MONDAY,1:15,FRENCH FRIES,OZ,39.3,43.42
CHIC 42,1/24/2022,MONDAY,1:30,FRENCH FRIES,OZ,0,23.07
CHIC 42,1/24/2022,MONDAY,1:45,FRENCH FRIES,OZ,13.92,42.78
CHIC 42,1/24/2022,MONDAY,2:00,FRENCH FRIES,OZ,17.84,29.61
CHIC 42,1/24/2022,MONDAY,2:15,FRENCH FRIES,OZ,4.46,35.05
CHIC 42,1/24/2022,MONDAY,2:30,FRENCH FRIES,OZ,25.92,19.6
CHIC 42,1/24/2022,MONDAY,2:45,FRENCH FRIES,OZ,4.46,28.28
CHIC 42,1/24/2022,MONDAY,3:00,FRENCH FRIES,OZ,5,14.94
CHIC 42,1/24/2022,MONDAY,3:15,FRENCH FRIES,OZ,10,34.77
CHIC 42,1/24/2022,MONDAY,3:30,FRENCH FRIES,OZ,0,18.04
CHIC 42,1/24/2022,MONDAY,3:45,FRENCH FRIES,OZ,0,14.85
CHIC 42,1/24/2022,MONDAY,4:00,FRENCH FRIES,OZ,27,16.51
CHIC 42,1/24/2022,MONDAY,4:15,FRENCH FRIES,OZ,4.46,16.6
CHIC 42,1/24/2022,MONDAY,4:30,FRENCH FRIES,OZ,0,14.67
CHIC 42,1/24/2022,MONDAY,4:45,FRENCH FRIES,OZ,17,15.63
CHIC 42,1/24/2022,MONDAY,5:00,FRENCH FRIES,OZ,0,24.05
CHIC 42,1/24/2022,MONDAY,5:15,FRENCH FRIES,OZ,0,22.01
CHIC 42,1/24/2022,MONDAY,5:30,FRENCH FRIES,OZ,0,17.79
CHIC 42,1/24/2022,MONDAY,5:45,FRENCH FRIES,OZ,0,17.72
CHIC 42,1/25/2022,TUESDAY,6:00,FRENCH FRIES,OZ,4.46,17.84
CHIC 42,1/25/2022,TUESDAY,6:15,FRENCH FRIES,OZ,0,25.22
CHIC 42,1/25/2022,TUESDAY,6:30,FRENCH FRIES,OZ,0,22.8
CHIC 42,1/25/2022,TUESDAY,6:45,FRENCH FRIES,OZ,0,26.65
CHIC 42,1/25/2022,TUESDAY,7:00,FRENCH FRIES,OZ,0,19.44
CHIC 42,1/25/2022,TUESDAY,7:15,FRENCH FRIES,OZ,0,26.95
CHIC 42,1/25/2022,TUESDAY,7:30,FRENCH FRIES,OZ,0,36.44
CHIC 42,1/25/2022,TUESDAY,7:45,FRENCH FRIES,OZ,4.46,34.44
CHIC 42,1/25/2022,TUESDAY,8:00,FRENCH FRIES,OZ,4.46,41.07
CHIC 42,1/25/2022,TUESDAY,8:15,FRENCH FRIES,OZ,4.46,42.52
CHIC 42,1/25/2022,TUESDAY,8:30,FRENCH FRIES,OZ,29.54,47.19
CHIC 42,1/25/2022,TUESDAY,8:45,FRENCH FRIES,OZ,13.38,39.69
CHIC 42,1/25/2022,TUESDAY,9:00,FRENCH FRIES,OZ,21.46,45.63
CHIC 42,1/25/2022,TUESDAY,9:15,FRENCH FRIES,OZ,4.46,52.54
CHIC 42,1/25/2022,TUESDAY,9:30,FRENCH FRIES,OZ,13.92,53.87
CHIC 42,1/25/2022,TUESDAY,9:45,FRENCH FRIES,OZ,13.38,50.18
CHIC 42,1/25/2022,TUESDAY,10:00,FRENCH FRIES,OZ,30.82,66.01
CHIC 42,1/25/2022,TUESDAY,10:15,FRENCH FRIES,OZ,0,74.38
CHIC 42,1/25/2022,TUESDAY,10:30,FRENCH FRIES,OZ,26.36,74.09
CHIC 42,1/25/2022,TUESDAY,10:45,FRENCH FRIES,OZ,25.96,72.85
CHIC 42,1/25/2022,TUESDAY,11:00,FRENCH FRIES,OZ,42.92,79.39
CHIC 42,1/25/2022,TUESDAY,11:15,FRENCH FRIES,OZ,52.32,107.48
CHIC 42,1/25/2022,TUESDAY,11:30,FRENCH FRIES,OZ,51.88,121.2
CHIC 42,1/25/2022,TUESDAY,11:45,FRENCH FRIES,OZ,30.38,134.8
CHIC 42,1/25/2022,TUESDAY,12:00,FRENCH FRIES,OZ,43.76,146.51
CHIC 42,1/25/2022,TUESDAY,12:15,FRENCH FRIES,OZ,55.9,140.22
CHIC 42,1/25/2022,TUESDAY,12:30,FRENCH FRIES,OZ,4.46,139.13
CHIC 42,1/25/2022,TUESDAY,12:45,FRENCH FRIES,OZ,34.84,134.14
CHIC 42,1/25/2022,TUESDAY,13:00,FRENCH FRIES,OZ,56.74,123.66
CHIC 42,1/25/2022,TUESDAY,13:15,FRENCH FRIES,OZ,52.86,126.69
CHIC 42,1/25/2022,TUESDAY,13:30,FRENCH FRIES,OZ,39.44,117.98
CHIC 42,1/25/2022,TUESDAY,13:45,FRENCH FRIES,OZ,17.84,105.12
CHIC 42,1/25/2022,TUESDAY,14:00,FRENCH FRIES,OZ,8.92,105.63
CHIC 42,1/25/2022,TUESDAY,14:15,FRENCH FRIES,OZ,31.22,92.13
CHIC 42,1/25/2022,TUESDAY,14:30,FRENCH FRIES,OZ,42.52,100.97
CHIC 42,1/25/2022,TUESDAY,14:45,FRENCH FRIES,OZ,26.36,110.25
CHIC 42,1/25/2022,TUESDAY,15:00,FRENCH FRIES,OZ,38.9,107.94
CHIC 42,1/25/2022,TUESDAY,15:15,FRENCH FRIES,OZ,29.54,96.72
CHIC 42,1/25/2022,TUESDAY,15:30,FRENCH FRIES,OZ,21.46,97.74
CHIC 42,1/25/2022,TUESDAY,15:45,FRENCH FRIES,OZ,12.98,77.97
CHIC 42,1/25/2022,TUESDAY,16:00,FRENCH FRIES,OZ,38.9,101.2
CHIC 42,1/25/2022,TUESDAY,16:15,FRENCH FRIES,OZ,13.38,83.26
CHIC 42,1/25/2022,TUESDAY,16:30,FRENCH FRIES,OZ,22.3,97.78
CHIC 42,1/25/2022,TUESDAY,16:45,FRENCH FRIES,OZ,52.38,102.66
CHIC 42,1/25/2022,TUESDAY,17:00,FRENCH FRIES,OZ,73,100.03
CHIC 42,1/25/2022,TUESDAY,17:15,FRENCH FRIES,OZ,17,123.93
CHIC 42,1/25/2022,TUESDAY,17:30,FRENCH FRIES,OZ,47.82,109.12
CHIC 42,1/25/2022,TUESDAY,17:45,FRENCH FRIES,OZ,13.92,104.54
CHIC 42,1/25/2022,TUESDAY,18:00,FRENCH FRIES,OZ,21.46,97.15
CHIC 42,1/25/2022,TUESDAY,18:15,FRENCH FRIES,OZ,22.3,98.74
CHIC 42,1/25/2022,TUESDAY,18:30,FRENCH FRIES,OZ,0,83.35
CHIC 42,1/25/2022,TUESDAY,18:45,FRENCH FRIES,OZ,42.92,80.93
CHIC 42,1/25/2022,TUESDAY,19:00,FRENCH FRIES,OZ,39.3,82.09
CHIC 42,1/25/2022,TUESDAY,19:15,FRENCH FRIES,OZ,8.52,85.4
CHIC 42,1/25/2022,TUESDAY,19:30,FRENCH FRIES,OZ,61.6,66.91
CHIC 42,1/25/2022,TUESDAY,19:45,FRENCH FRIES,OZ,34.84,66.85
CHIC 42,1/25/2022,TUESDAY,20:00,FRENCH FRIES,OZ,4.46,61.11
CHIC 42,1/25/2022,TUESDAY,20:15,FRENCH FRIES,OZ,38.46,89.54
CHIC 42,1/25/2022,TUESDAY,20:30,FRENCH FRIES,OZ,51.98,105.93
CHIC 42,1/25/2022,TUESDAY,20:45,FRENCH FRIES,OZ,17,60.56
CHIC 42,1/25/2022,TUESDAY,21:00,FRENCH FRIES,OZ,38.06,76.67
CHIC 42,1/25/2022,TUESDAY,21:15,FRENCH FRIES,OZ,25.92,63.29
CHIC 42,1/25/2022,TUESDAY,21:30,FRENCH FRIES,OZ,30.92,50.6
CHIC 42,1/25/2022,TUESDAY,21:45,FRENCH FRIES,OZ,18.38,61.32
CHIC 42,1/25/2022,TUESDAY,22:00,FRENCH FRIES,OZ,25.52,66.18
CHIC 42,1/25/2022,TUESDAY,22:15,FRENCH FRIES,OZ,72.9,59.11
CHIC 42,1/25/2022,TUESDAY,22:30,FRENCH FRIES,OZ,29.54,61.92
CHIC 42,1/25/2022,TUESDAY,22:45,FRENCH FRIES,OZ,17,58.69
CHIC 42,1/25/2022,TUESDAY,23:00,FRENCH FRIES,OZ,55.5,60.83
CHIC 42,1/25/2022,TUESDAY,23:15,FRENCH FRIES,OZ,21.46,68.85
CHIC 42,1/25/2022,TUESDAY,23:30,FRENCH FRIES,OZ,64.82,82.25
CHIC 42,1/25/2022,TUESDAY,23:45,FRENCH FRIES,OZ,0,55.52
CHIC 42,1/25/2022,TUESDAY,0:00,FRENCH FRIES,OZ,0,56.59
CHIC 42,1/25/2022,TUESDAY,0:15,FRENCH FRIES,OZ,0,65.58
CHIC 42,1/25/2022,TUESDAY,0:30,FRENCH FRIES,OZ,0,51.26
CHIC 42,1/25/2022,TUESDAY,0:45,FRENCH FRIES,OZ,0,39.56
CHIC 42,1/25/2022,TUESDAY,1:00,FRENCH FRIES,OZ,0,38.93
CHIC 42,1/25/2022,TUESDAY,1:15,FRENCH FRIES,OZ,0,42.82
CHIC 42,1/25/2022,TUESDAY,1:30,FRENCH FRIES,OZ,0,48.93
CHIC 42,1/25/2022,TUESDAY,1:45,FRENCH FRIES,OZ,8.52,46.39
CHIC 42,1/25/2022,TUESDAY,2:00,FRENCH FRIES,OZ,9.46,26.46
CHIC 42,1/25/2022,TUESDAY,2:15,FRENCH FRIES,OZ,0,33.43
CHIC 42,1/25/2022,TUESDAY,2:30,FRENCH FRIES,OZ,21.46,20.87
CHIC 42,1/25/2022,TUESDAY,2:45,FRENCH FRIES,OZ,4.46,31.88
CHIC 42,1/25/2022,TUESDAY,3:00,FRENCH FRIES,OZ,0,26.41
CHIC 42,1/25/2022,TUESDAY,3:15,FRENCH FRIES,OZ,13.38,27.81
CHIC 42,1/25/2022,TUESDAY,3:30,FRENCH FRIES,OZ,4.46,24.21
CHIC 42,1/25/2022,TUESDAY,3:45,FRENCH FRIES,OZ,0,12.51
CHIC 42,1/25/2022,TUESDAY,4:00,FRENCH FRIES,OZ,0,25.71
CHIC 42,1/25/2022,TUESDAY,4:15,FRENCH FRIES,OZ,8.92,18.47
CHIC 42,1/25/2022,TUESDAY,4:30,FRENCH FRIES,OZ,8.52,18.31
CHIC 42,1/25/2022,TUESDAY,4:45,FRENCH FRIES,OZ,12.54,17.18
CHIC 42,1/25/2022,TUESDAY,5:00,FRENCH FRIES,OZ,12.54,27.95
CHIC 42,1/25/2022,TUESDAY,5:15,FRENCH FRIES,OZ,0,24.18
CHIC 42,1/25/2022,TUESDAY,5:30,FRENCH FRIES,OZ,0,16.66
CHIC 42,1/25/2022,TUESDAY,5:45,FRENCH FRIES,OZ,8.92,30.15
CHIC 42,1/26/2022,WEDNESDAY,6:00,FRENCH FRIES,OZ,13.38,19.26
CHIC 42,1/26/2022,WEDNESDAY,6:15,FRENCH FRIES,OZ,8.92,33.43
CHIC 42,1/26/2022,WEDNESDAY,6:30,FRENCH FRIES,OZ,0,29.1
CHIC 42,1/26/2022,WEDNESDAY,6:45,FRENCH FRIES,OZ,4.46,24.71
CHIC 42,1/26/2022,WEDNESDAY,7:00,FRENCH FRIES,OZ,0,25.24
CHIC 42,1/26/2022,WEDNESDAY,7:15,FRENCH FRIES,OZ,0,32.85
CHIC 42,1/26/2022,WEDNESDAY,7:30,FRENCH FRIES,OZ,0,39.88
CHIC 42,1/26/2022,WEDNESDAY,7:45,FRENCH FRIES,OZ,4.46,37.33
CHIC 42,1/26/2022,WEDNESDAY,8:00,FRENCH FRIES,OZ,4.46,32.24
CHIC 42,1/26/2022,WEDNESDAY,8:15,FRENCH FRIES,OZ,0,38.18
CHIC 42,1/26/2022,WEDNESDAY,8:30,FRENCH FRIES,OZ,0,36.95
CHIC 42,1/26/2022,WEDNESDAY,8:45,FRENCH FRIES,OZ,4.46,52.42
CHIC 42,1/26/2022,WEDNESDAY,9:00,FRENCH FRIES,OZ,0,57.09
CHIC 42,1/26/2022,WEDNESDAY,9:15,FRENCH FRIES,OZ,25.52,54.72
CHIC 42,1/26/2022,WEDNESDAY,9:30,FRENCH FRIES,OZ,4.46,56.29
CHIC 42,1/26/2022,WEDNESDAY,9:45,FRENCH FRIES,OZ,4.46,66.33
CHIC 42,1/26/2022,WEDNESDAY,10:00,FRENCH FRIES,OZ,17,74.86
CHIC 42,1/26/2022,WEDNESDAY,10:15,FRENCH FRIES,OZ,43.5,64.75
CHIC 42,1/26/2022,WEDNESDAY,10:30,FRENCH FRIES,OZ,30.38,73.75
CHIC 42,1/26/2022,WEDNESDAY,10:45,FRENCH FRIES,OZ,26.36,75.53
CHIC 42,1/26/2022,WEDNESDAY,11:00,FRENCH FRIES,OZ,102.14,97.83
CHIC 42,1/26/2022,WEDNESDAY,11:15,FRENCH FRIES,OZ,38.46,101.27
CHIC 42,1/26/2022,WEDNESDAY,11:30,FRENCH FRIES,OZ,55.5,121
CHIC 42,1/26/2022,WEDNESDAY,11:45,FRENCH FRIES,OZ,47.52,139.15
CHIC 42,1/26/2022,WEDNESDAY,12:00,FRENCH FRIES,OZ,76.12,189.61
CHIC 42,1/26/2022,WEDNESDAY,12:15,FRENCH FRIES,OZ,68.88,165.34
CHIC 42,1/26/2022,WEDNESDAY,12:30,FRENCH FRIES,OZ,34,157.99
CHIC 42,1/26/2022,WEDNESDAY,12:45,FRENCH FRIES,OZ,89.06,160.23
CHIC 42,1/26/2022,WEDNESDAY,13:00,FRENCH FRIES,OZ,94.76,138.87
CHIC 42,1/26/2022,WEDNESDAY,13:15,FRENCH FRIES,OZ,65.3,124.19
CHIC 42,1/26/2022,WEDNESDAY,13:30,FRENCH FRIES,OZ,30.82,120.32
CHIC 42,1/26/2022,WEDNESDAY,13:45,FRENCH FRIES,OZ,31.22,127.17
CHIC 42,1/26/2022,WEDNESDAY,14:00,FRENCH FRIES,OZ,22.3,106.88
CHIC 42,1/26/2022,WEDNESDAY,14:15,FRENCH FRIES,OZ,22.3,108.17
CHIC 42,1/26/2022,WEDNESDAY,14:30,FRENCH FRIES,OZ,13.38,112.66
CHIC 42,1/26/2022,WEDNESDAY,14:45,FRENCH FRIES,OZ,47.38,96.85
CHIC 42,1/26/2022,WEDNESDAY,15:00,FRENCH FRIES,OZ,17.44,86.79
CHIC 42,1/26/2022,WEDNESDAY,15:15,FRENCH FRIES,OZ,22.3,93.85
CHIC 42,1/26/2022,WEDNESDAY,15:30,FRENCH FRIES,OZ,43.8,93.05
CHIC 42,1/26/2022,WEDNESDAY,15:45,FRENCH FRIES,OZ,22.84,90.32
CHIC 42,1/26/2022,WEDNESDAY,16:00,FRENCH FRIES,OZ,39.3,104.27
CHIC 42,1/26/2022,WEDNESDAY,16:15,FRENCH FRIES,OZ,17.44,105.66
CHIC 42,1/26/2022,WEDNESDAY,16:30,FRENCH FRIES,OZ,22.3,88.13
CHIC 42,1/26/2022,WEDNESDAY,16:45,FRENCH FRIES,OZ,21.9,119.05
CHIC 42,1/26/2022,WEDNESDAY,17:00,FRENCH FRIES,OZ,22.3,103.14
CHIC 42,1/26/2022,WEDNESDAY,17:15,FRENCH FRIES,OZ,22.84,133.16
CHIC 42,1/26/2022,WEDNESDAY,17:30,FRENCH FRIES,OZ,40.38,111.27
CHIC 42,1/26/2022,WEDNESDAY,17:45,FRENCH FRIES,OZ,0,115.32
CHIC 42,1/26/2022,WEDNESDAY,18:00,FRENCH FRIES,OZ,43.76,132.1
CHIC 42,1/26/2022,WEDNESDAY,18:15,FRENCH FRIES,OZ,56.44,96.5
CHIC 42,1/26/2022,WEDNESDAY,18:30,FRENCH FRIES,OZ,4.46,118.08
CHIC 42,1/26/2022,WEDNESDAY,18:45,FRENCH FRIES,OZ,34,124.02
CHIC 42,1/26/2022,WEDNESDAY,19:00,FRENCH FRIES,OZ,4.46,88.52
CHIC 42,1/26/2022,WEDNESDAY,19:15,FRENCH FRIES,OZ,21.46,97.07
CHIC 42,1/26/2022,WEDNESDAY,19:30,FRENCH FRIES,OZ,13.92,81.98
CHIC 42,1/26/2022,WEDNESDAY,19:45,FRENCH FRIES,OZ,0,68.74
CHIC 42,1/26/2022,WEDNESDAY,20:00,FRENCH FRIES,OZ,26.76,79.06
CHIC 42,1/26/2022,WEDNESDAY,20:15,FRENCH FRIES,OZ,12.98,74.36
CHIC 42,1/26/2022,WEDNESDAY,20:30,FRENCH FRIES,OZ,12.98,76.99
CHIC 42,1/26/2022,WEDNESDAY,20:45,FRENCH FRIES,OZ,21.46,72.37
CHIC 42,1/26/2022,WEDNESDAY,21:00,FRENCH FRIES,OZ,5,68.79
CHIC 42,1/26/2022,WEDNESDAY,21:15,FRENCH FRIES,OZ,8.52,64.55
CHIC 42,1/26/2022,WEDNESDAY,21:30,FRENCH FRIES,OZ,21.9,89.16
CHIC 42,1/26/2022,WEDNESDAY,21:45,FRENCH FRIES,OZ,31.22,81.9
CHIC 42,1/26/2022,WEDNESDAY,22:00,FRENCH FRIES,OZ,30.82,70.51
CHIC 42,1/26/2022,WEDNESDAY,22:15,FRENCH FRIES,OZ,4.46,76.4
CHIC 42,1/26/2022,WEDNESDAY,22:30,FRENCH FRIES,OZ,13.38,72.42
CHIC 42,1/26/2022,WEDNESDAY,22:45,FRENCH FRIES,OZ,34,74.79
CHIC 42,1/26/2022,WEDNESDAY,23:00,FRENCH FRIES,OZ,22.3,58.2
CHIC 42,1/26/2022,WEDNESDAY,23:15,FRENCH FRIES,OZ,43,86.71
CHIC 42,1/26/2022,WEDNESDAY,23:30,FRENCH FRIES,OZ,21.46,67.05
CHIC 42,1/26/2022,WEDNESDAY,23:45,FRENCH FRIES,OZ,21.46,73.86
CHIC 42,1/26/2022,WEDNESDAY,0:00,FRENCH FRIES,OZ,26.76,49.74
CHIC 42,1/26/2022,WEDNESDAY,0:15,FRENCH FRIES,OZ,8.92,69.26
CHIC 42,1/26/2022,WEDNESDAY,0:30,FRENCH FRIES,OZ,0,59.49
CHIC 42,1/26/2022,WEDNESDAY,0:45,FRENCH FRIES,OZ,0,32.49
CHIC 42,1/26/2022,WEDNESDAY,1:00,FRENCH FRIES,OZ,5,39.37
CHIC 42,1/26/2022,WEDNESDAY,1:15,FRENCH FRIES,OZ,0,41.82
CHIC 42,1/26/2022,WEDNESDAY,1:30,FRENCH FRIES,OZ,4.46,38.67
CHIC 42,1/26/2022,WEDNESDAY,1:45,FRENCH FRIES,OZ,0,35.15
CHIC 42,1/26/2022,WEDNESDAY,2:00,FRENCH FRIES,OZ,5,30.91
CHIC 42,1/26/2022,WEDNESDAY,2:15,FRENCH FRIES,OZ,0,29.26
CHIC 42,1/26/2022,WEDNESDAY,2:30,FRENCH FRIES,OZ,8.92,39.49
CHIC 42,1/26/2022,WEDNESDAY,2:45,FRENCH FRIES,OZ,4.46,27.63
CHIC 42,1/26/2022,WEDNESDAY,3:00,FRENCH FRIES,OZ,47.82,25.25
CHIC 42,1/26/2022,WEDNESDAY,3:15,FRENCH FRIES,OZ,0,34.66
CHIC 42,1/26/2022,WEDNESDAY,3:30,FRENCH FRIES,OZ,12.98,28.6
CHIC 42,1/26/2022,WEDNESDAY,3:45,FRENCH FRIES,OZ,8.92,21.2
CHIC 42,1/26/2022,WEDNESDAY,4:00,FRENCH FRIES,OZ,0,29.79
CHIC 42,1/26/2022,WEDNESDAY,4:15,FRENCH FRIES,OZ,8.52,19.23
CHIC 42,1/26/2022,WEDNESDAY,4:30,FRENCH FRIES,OZ,4.46,16.15
CHIC 42,1/26/2022,WEDNESDAY,4:45,FRENCH FRIES,OZ,12.54,29.24
CHIC 42,1/26/2022,WEDNESDAY,5:00,FRENCH FRIES,OZ,4.46,26.23
CHIC 42,1/26/2022,WEDNESDAY,5:15,FRENCH FRIES,OZ,0,25.13
CHIC 42,1/26/2022,WEDNESDAY,5:30,FRENCH FRIES,OZ,21.46,28.35
CHIC 42,1/26/2022,WEDNESDAY,5:45,FRENCH FRIES,OZ,0,24.25
CHIC 42,1/27/2022,THURSDAY,6:00,FRENCH FRIES,OZ,4.46,22.07
CHIC 42,1/27/2022,THURSDAY,6:15,FRENCH FRIES,OZ,0,19.18
CHIC 42,1/27/2022,THURSDAY,6:30,FRENCH FRIES,OZ,4.46,31.51
CHIC 42,1/27/2022,THURSDAY,6:45,FRENCH FRIES,OZ,4.46,25.91
CHIC 42,1/27/2022,THURSDAY,7:00,FRENCH FRIES,OZ,4.46,23.22
CHIC 42,1/27/2022,THURSDAY,7:15,FRENCH FRIES,OZ,4.46,29.27
CHIC 42,1/27/2022,THURSDAY,7:30,FRENCH FRIES,OZ,0,30.84
CHIC 42,1/27/2022,THURSDAY,7:45,FRENCH FRIES,OZ,4.46,40.35
CHIC 42,1/27/2022,THURSDAY,8:00,FRENCH FRIES,OZ,8.52,36.81
CHIC 42,1/27/2022,THURSDAY,8:15,FRENCH FRIES,OZ,13.92,36.37
CHIC 42,1/27/2022,THURSDAY,8:30,FRENCH FRIES,OZ,4.46,49.23
CHIC 42,1/27/2022,THURSDAY,8:45,FRENCH FRIES,OZ,26.36,41.82
CHIC 42,1/27/2022,THURSDAY,9:00,FRENCH FRIES,OZ,0,59.12
CHIC 42,1/27/2022,THURSDAY,9:15,FRENCH FRIES,OZ,17.84,56.54
CHIC 42,1/27/2022,THURSDAY,9:30,FRENCH FRIES,OZ,8.92,55.19
CHIC 42,1/27/2022,THURSDAY,9:45,FRENCH FRIES,OZ,8.92,61.78
CHIC 42,1/27/2022,THURSDAY,10:00,FRENCH FRIES,OZ,22.3,53.03
CHIC 42,1/27/2022,THURSDAY,10:15,FRENCH FRIES,OZ,38.9,82.14
CHIC 42,1/27/2022,THURSDAY,10:30,FRENCH FRIES,OZ,23.38,77.1
CHIC 42,1/27/2022,THURSDAY,10:45,FRENCH FRIES,OZ,38.9,96
CHIC 42,1/27/2022,THURSDAY,11:00,FRENCH FRIES,OZ,8.92,99.35
CHIC 42,1/27/2022,THURSDAY,11:15,FRENCH FRIES,OZ,26.36,112.43
CHIC 42,1/27/2022,THURSDAY,11:30,FRENCH FRIES,OZ,44.2,142.36
CHIC 42,1/27/2022,THURSDAY,11:45,FRENCH FRIES,OZ,78.2,139.35
CHIC 42,1/27/2022,THURSDAY,12:00,FRENCH FRIES,OZ,52.68,168.26
CHIC 42,1/27/2022,THURSDAY,12:15,FRENCH FRIES,OZ,40.14,168.79
CHIC 42,1/27/2022,THURSDAY,12:30,FRENCH FRIES,OZ,82.22,150.68
CHIC 42,1/27/2022,THURSDAY,12:45,FRENCH FRIES,OZ,22.84,170.87
CHIC 42,1/27/2022,THURSDAY,13:00,FRENCH FRIES,OZ,42.08,128.79
CHIC 42,1/27/2022,THURSDAY,13:15,FRENCH FRIES,OZ,56.74,121.45
CHIC 42,1/27/2022,THURSDAY,13:30,FRENCH FRIES,OZ,34.44,128.41
CHIC 42,1/27/2022,THURSDAY,13:45,FRENCH FRIES,OZ,4.46,131.57
CHIC 42,1/27/2022,THURSDAY,14:00,FRENCH FRIES,OZ,38.46,120.95
CHIC 42,1/27/2022,THURSDAY,14:15,FRENCH FRIES,OZ,52.28,123.18
CHIC 42,1/27/2022,THURSDAY,14:30,FRENCH FRIES,OZ,64.38,118.17
CHIC 42,1/27/2022,THURSDAY,14:45,FRENCH FRIES,OZ,42.96,103.27
CHIC 42,1/27/2022,THURSDAY,15:00,FRENCH FRIES,OZ,35.28,90.27
CHIC 42,1/27/2022,THURSDAY,15:15,FRENCH FRIES,OZ,17.84,115.14
CHIC 42,1/27/2022,THURSDAY,15:30,FRENCH FRIES,OZ,25.92,106.01
CHIC 42,1/27/2022,THURSDAY,15:45,FRENCH FRIES,OZ,48.22,126.38
CHIC 42,1/27/2022,THURSDAY,16:00,FRENCH FRIES,OZ,21.9,107.8
CHIC 42,1/27/2022,THURSDAY,16:15,FRENCH FRIES,OZ,85.54,114.45
CHIC 42,1/27/2022,THURSDAY,16:30,FRENCH FRIES,OZ,62.38,113.63
CHIC 42,1/27/2022,THURSDAY,16:45,FRENCH FRIES,OZ,25.92,104.59
CHIC 42,1/27/2022,THURSDAY,17:00,FRENCH FRIES,OZ,86.38,122.87
CHIC 42,1/27/2022,THURSDAY,17:15,FRENCH FRIES,OZ,39.3,104.11
CHIC 42,1/27/2022,THURSDAY,17:30,FRENCH FRIES,OZ,13.38,112.23
CHIC 42,1/27/2022,THURSDAY,17:45,FRENCH FRIES,OZ,34,118.02
CHIC 42,1/27/2022,THURSDAY,18:00,FRENCH FRIES,OZ,22.3,114.42
CHIC 42,1/27/2022,THURSDAY,18:15,FRENCH FRIES,OZ,65.26,97.77
CHIC 42,1/27/2022,THURSDAY,18:30,FRENCH FRIES,OZ,55.06,113.06
CHIC 42,1/27/2022,THURSDAY,18:45,FRENCH FRIES,OZ,22.3,89.93
CHIC 42,1/27/2022,THURSDAY,19:00,FRENCH FRIES,OZ,43.76,102.66
CHIC 42,1/27/2022,THURSDAY,19:15,FRENCH FRIES,OZ,43.9,116.46
CHIC 42,1/27/2022,THURSDAY,19:30,FRENCH FRIES,OZ,42.92,95.31
CHIC 42,1/27/2022,THURSDAY,19:45,FRENCH FRIES,OZ,49.06,84.41
CHIC 42,1/27/2022,THURSDAY,20:00,FRENCH FRIES,OZ,52.38,89.7
CHIC 42,1/27/2022,THURSDAY,20:15,FRENCH FRIES,OZ,30.82,76.67
CHIC 42,1/27/2022,THURSDAY,20:30,FRENCH FRIES,OZ,45.14,66.53
CHIC 42,1/27/2022,THURSDAY,20:45,FRENCH FRIES,OZ,30.02,73.82
CHIC 42,1/27/2022,THURSDAY,21:00,FRENCH FRIES,OZ,8.92,67.57
CHIC 42,1/27/2022,THURSDAY,21:15,FRENCH FRIES,OZ,39.3,54.95
CHIC 42,1/27/2022,THURSDAY,21:30,FRENCH FRIES,OZ,5,76.71
CHIC 42,1/27/2022,THURSDAY,21:45,FRENCH FRIES,OZ,30.96,76.9
CHIC 42,1/27/2022,THURSDAY,22:00,FRENCH FRIES,OZ,4.46,69.03
CHIC 42,1/27/2022,THURSDAY,22:15,FRENCH FRIES,OZ,31.76,77.62
CHIC 42,1/27/2022,THURSDAY,22:30,FRENCH FRIES,OZ,34.48,63.52
CHIC 42,1/27/2022,THURSDAY,22:45,FRENCH FRIES,OZ,72.9,56.09
CHIC 42,1/27/2022,THURSDAY,23:00,FRENCH FRIES,OZ,42.92,76.25
CHIC 42,1/27/2022,THURSDAY,23:15,FRENCH FRIES,OZ,38.46,71.57
CHIC 42,1/27/2022,THURSDAY,23:30,FRENCH FRIES,OZ,76.08,70.78
CHIC 42,1/27/2022,THURSDAY,23:45,FRENCH FRIES,OZ,36.22,67.13
CHIC 42,1/27/2022,THURSDAY,0:00,FRENCH FRIES,OZ,43.46,78.02
CHIC 42,1/27/2022,THURSDAY,0:15,FRENCH FRIES,OZ,22.3,79.69
CHIC 42,1/27/2022,THURSDAY,0:30,FRENCH FRIES,OZ,34.08,69.04
CHIC 42,1/27/2022,THURSDAY,0:45,FRENCH FRIES,OZ,39.34,68.79
CHIC 42,1/27/2022,THURSDAY,1:00,FRENCH FRIES,OZ,8.92,72.76
CHIC 42,1/27/2022,THURSDAY,1:15,FRENCH FRIES,OZ,13.38,59.24
CHIC 42,1/27/2022,THURSDAY,1:30,FRENCH FRIES,OZ,13.38,51.85
CHIC 42,1/27/2022,THURSDAY,1:45,FRENCH FRIES,OZ,4.46,40.88
CHIC 42,1/27/2022,THURSDAY,2:00,FRENCH FRIES,OZ,13.38,43.44
CHIC 42,1/27/2022,THURSDAY,2:15,FRENCH FRIES,OZ,22,36.79
CHIC 42,1/27/2022,THURSDAY,2:30,FRENCH FRIES,OZ,12.54,40.22
CHIC 42,1/27/2022,THURSDAY,2:45,FRENCH FRIES,OZ,0,36.09
CHIC 42,1/27/2022,THURSDAY,3:00,FRENCH FRIES,OZ,17.44,40.36
CHIC 42,1/27/2022,THURSDAY,3:15,FRENCH FRIES,OZ,9.46,40.6
CHIC 42,1/27/2022,THURSDAY,3:30,FRENCH FRIES,OZ,4.46,27.17
CHIC 42,1/27/2022,THURSDAY,3:45,FRENCH FRIES,OZ,25.08,28.31
CHIC 42,1/27/2022,THURSDAY,4:00,FRENCH FRIES,OZ,4.46,25.23
CHIC 42,1/27/2022,THURSDAY,4:15,FRENCH FRIES,OZ,22.3,36.63
CHIC 42,1/27/2022,THURSDAY,4:30,FRENCH FRIES,OZ,4.46,23.24
CHIC 42,1/27/2022,THURSDAY,4:45,FRENCH FRIES,OZ,17.44,19.74
CHIC 42,1/27/2022,THURSDAY,5:00,FRENCH FRIES,OZ,4.46,26.83
CHIC 42,1/27/2022,THURSDAY,5:15,FRENCH FRIES,OZ,0,18.42
CHIC 42,1/27/2022,THURSDAY,5:30,FRENCH FRIES,OZ,25.08,26.95
CHIC 42,1/27/2022,THURSDAY,5:45,FRENCH FRIES,OZ,0,31.94
CHIC 42,1/28/2022,FRIDAY,6:00,FRENCH FRIES,OZ,0,17.15
CHIC 42,1/28/2022,FRIDAY,6:15,FRENCH FRIES,OZ,8.92,24.94
CHIC 42,1/28/2022,FRIDAY,6:30,FRENCH FRIES,OZ,4.46,17.73
CHIC 42,1/28/2022,FRIDAY,6:45,FRENCH FRIES,OZ,4.46,34.49
CHIC 42,1/28/2022,FRIDAY,7:00,FRENCH FRIES,OZ,0,32.53
CHIC 42,1/28/2022,FRIDAY,7:15,FRENCH FRIES,OZ,4.46,27.42
CHIC 42,1/28/2022,FRIDAY,7:30,FRENCH FRIES,OZ,17,42.58
CHIC 42,1/28/2022,FRIDAY,7:45,FRENCH FRIES,OZ,0,43.47
CHIC 42,1/28/2022,FRIDAY,8:00,FRENCH FRIES,OZ,0,56.61
CHIC 42,1/28/2022,FRIDAY,8:15,FRENCH FRIES,OZ,0,45.63
CHIC 42,1/28/2022,FRIDAY,8:30,FRENCH FRIES,OZ,8.92,58.81
CHIC 42,1/28/2022,FRIDAY,8:45,FRENCH FRIES,OZ,4.46,42.46
CHIC 42,1/28/2022,FRIDAY,9:00,FRENCH FRIES,OZ,4.46,46.99
CHIC 42,1/28/2022,FRIDAY,9:15,FRENCH FRIES,OZ,17.44,63.24
CHIC 42,1/28/2022,FRIDAY,9:30,FRENCH FRIES,OZ,44.2,64.64
CHIC 42,1/28/2022,FRIDAY,9:45,FRENCH FRIES,OZ,4.46,64.39
CHIC 42,1/28/2022,FRIDAY,10:00,FRENCH FRIES,OZ,4.46,70.56
CHIC 42,1/28/2022,FRIDAY,10:15,FRENCH FRIES,OZ,8.92,80.89
CHIC 42,1/28/2022,FRIDAY,10:30,FRENCH FRIES,OZ,30.82,112.22
CHIC 42,1/28/2022,FRIDAY,10:45,FRENCH FRIES,OZ,94.76,93.88
CHIC 42,1/28/2022,FRIDAY,11:00,FRENCH FRIES,OZ,17.84,90.9
CHIC 42,1/28/2022,FRIDAY,11:15,FRENCH FRIES,OZ,35.82,109.38
CHIC 42,1/28/2022,FRIDAY,11:30,FRENCH FRIES,OZ,44.2,151.89
CHIC 42,1/28/2022,FRIDAY,11:45,FRENCH FRIES,OZ,29.98,137.06
CHIC 42,1/28/2022,FRIDAY,12:00,FRENCH FRIES,OZ,36.22,160.62
CHIC 42,1/28/2022,FRIDAY,12:15,FRENCH FRIES,OZ,53.12,186.92
CHIC 42,1/28/2022,FRIDAY,12:30,FRENCH FRIES,OZ,39.3,173.78
CHIC 42,1/28/2022,FRIDAY,12:45,FRENCH FRIES,OZ,13.38,170.72
CHIC 42,1/28/2022,FRIDAY,13:00,FRENCH FRIES,OZ,21.46,188.94
CHIC 42,1/28/2022,FRIDAY,13:15,FRENCH FRIES,OZ,78.6,132.75
CHIC 42,1/28/2022,FRIDAY,13:30,FRENCH FRIES,OZ,51.44,133.77
CHIC 42,1/28/2022,FRIDAY,13:45,FRENCH FRIES,OZ,73.82,126.44
CHIC 42,1/28/2022,FRIDAY,14:00,FRENCH FRIES,OZ,55.9,123.7
CHIC 42,1/28/2022,FRIDAY,14:15,FRENCH FRIES,OZ,34.04,135.56
CHIC 42,1/28/2022,FRIDAY,14:30,FRENCH FRIES,OZ,4.46,102.06
CHIC 42,1/28/2022,FRIDAY,14:45,FRENCH FRIES,OZ,39.3,118.33
CHIC 42,1/28/2022,FRIDAY,15:00,FRENCH FRIES,OZ,85.44,105.06
CHIC 42,1/28/2022,FRIDAY,15:15,FRENCH FRIES,OZ,26.76,94.45
CHIC 42,1/28/2022,FRIDAY,15:30,FRENCH FRIES,OZ,60.8,123.19
CHIC 42,1/28/2022,FRIDAY,15:45,FRENCH FRIES,OZ,30.42,98.33
CHIC 42,1/28/2022,FRIDAY,16:00,FRENCH FRIES,OZ,42.52,116.98
CHIC 42,1/28/2022,FRIDAY,16:15,FRENCH FRIES,OZ,38.46,113.9
CHIC 42,1/28/2022,FRIDAY,16:30,FRENCH FRIES,OZ,17.84,100.73
CHIC 42,1/28/2022,FRIDAY,16:45,FRENCH FRIES,OZ,80.98,121.66
CHIC 42,1/28/2022,FRIDAY,17:00,FRENCH FRIES,OZ,47.92,116.3
CHIC 42,1/28/2022,FRIDAY,17:15,FRENCH FRIES,OZ,38.9,117.35
CHIC 42,1/28/2022,FRIDAY,17:30,FRENCH FRIES,OZ,110.92,118.58
CHIC 42,1/28/2022,FRIDAY,17:45,FRENCH FRIES,OZ,46.58,119.23
CHIC 42,1/28/2022,FRIDAY,18:00,FRENCH FRIES,OZ,118.2,139.52
CHIC 42,1/28/2022,FRIDAY,18:15,FRENCH FRIES,OZ,26.76,158.28
CHIC 42,1/28/2022,FRIDAY,18:30,FRENCH FRIES,OZ,30.38,152.55
CHIC 42,1/28/2022,FRIDAY,18:45,FRENCH FRIES,OZ,35.38,155.95
CHIC 42,1/28/2022,FRIDAY,19:00,FRENCH FRIES,OZ,73,135.63
CHIC 42,1/28/2022,FRIDAY,19:15,FRENCH FRIES,OZ,38.46,108.84
CHIC 42,1/28/2022,FRIDAY,19:30,FRENCH FRIES,OZ,25.08,116.53
CHIC 42,1/28/2022,FRIDAY,19:45,FRENCH FRIES,OZ,21.46,120.57
CHIC 42,1/28/2022,FRIDAY,20:00,FRENCH FRIES,OZ,46.54,107.89
CHIC 42,1/28/2022,FRIDAY,20:15,FRENCH FRIES,OZ,12.54,129.9
CHIC 42,1/28/2022,FRIDAY,20:30,FRENCH FRIES,OZ,8.92,109.99
CHIC 42,1/28/2022,FRIDAY,20:45,FRENCH FRIES,OZ,48.26,102.62
CHIC 42,1/28/2022,FRIDAY,21:00,FRENCH FRIES,OZ,57.28,101.79
CHIC 42,1/28/2022,FRIDAY,21:15,FRENCH FRIES,OZ,67.16,86.47
CHIC 42,1/28/2022,FRIDAY,21:30,FRENCH FRIES,OZ,13.38,100.59
CHIC 42,1/28/2022,FRIDAY,21:45,FRENCH FRIES,OZ,34.44,108.48
CHIC 42,1/28/2022,FRIDAY,22:00,FRENCH FRIES,OZ,21.46,113.34
CHIC 42,1/28/2022,FRIDAY,22:15,FRENCH FRIES,OZ,63.98,115.43
CHIC 42,1/28/2022,FRIDAY,22:30,FRENCH FRIES,OZ,25.08,104.85
CHIC 42,1/28/2022,FRIDAY,22:45,FRENCH FRIES,OZ,26.9,116.48
CHIC 42,1/28/2022,FRIDAY,23:00,FRENCH FRIES,OZ,46.54,133.37
CHIC 42,1/28/2022,FRIDAY,23:15,FRENCH FRIES,OZ,49.06,108.1
CHIC 42,1/28/2022,FRIDAY,23:30,FRENCH FRIES,OZ,44.3,121.88
CHIC 42,1/28/2022,FRIDAY,23:45,FRENCH FRIES,OZ,38.46,117.81
CHIC 42,1/28/2022,FRIDAY,0:00,FRENCH FRIES,OZ,47.82,139.38
CHIC 42,1/28/2022,FRIDAY,0:15,FRENCH FRIES,OZ,40.14,126.19
CHIC 42,1/28/2022,FRIDAY,0:30,FRENCH FRIES,OZ,29.54,96.19
CHIC 42,1/28/2022,FRIDAY,0:45,FRENCH FRIES,OZ,25.92,98.51
CHIC 42,1/28/2022,FRIDAY,1:00,FRENCH FRIES,OZ,43.36,89.46
CHIC 42,1/28/2022,FRIDAY,1:15,FRENCH FRIES,OZ,51.04,78.86
CHIC 42,1/28/2022,FRIDAY,1:30,FRENCH FRIES,OZ,33.6,82.12
CHIC 42,1/28/2022,FRIDAY,1:45,FRENCH FRIES,OZ,8.52,83
CHIC 42,1/28/2022,FRIDAY,2:00,FRENCH FRIES,OZ,29.54,80.14
CHIC 42,1/28/2022,FRIDAY,2:15,FRENCH FRIES,OZ,51.88,81.15
CHIC 42,1/28/2022,FRIDAY,2:30,FRENCH FRIES,OZ,34.48,82.15
CHIC 42,1/28/2022,FRIDAY,2:45,FRENCH FRIES,OZ,17.84,100.15
CHIC 42,1/28/2022,FRIDAY,3:00,FRENCH FRIES,OZ,13.38,83.49
CHIC 42,1/28/2022,FRIDAY,3:15,FRENCH FRIES,OZ,34.48,77.36
CHIC 42,1/28/2022,FRIDAY,3:30,FRENCH FRIES,OZ,43.36,66.03
CHIC 42,1/28/2022,FRIDAY,3:45,FRENCH FRIES,OZ,4.46,44.95
CHIC 42,1/28/2022,FRIDAY,4:00,FRENCH FRIES,OZ,17.44,29.35
CHIC 42,1/28/2022,FRIDAY,4:15,FRENCH FRIES,OZ,21.46,31.53
CHIC 42,1/28/2022,FRIDAY,4:30,FRENCH FRIES,OZ,5,41.71
CHIC 42,1/28/2022,FRIDAY,4:45,FRENCH FRIES,OZ,0,16.48
CHIC 42,1/28/2022,FRIDAY,5:00,FRENCH FRIES,OZ,0,21.68
CHIC 42,1/28/2022,FRIDAY,5:15,FRENCH FRIES,OZ,0,32.04
CHIC 42,1/28/2022,FRIDAY,5:30,FRENCH FRIES,OZ,17.04,17.44
CHIC 42,1/28/2022,FRIDAY,5:45,FRENCH FRIES,OZ,4.46,24.58
CHIC 42,1/29/2022,SATURDAY,6:00,FRENCH FRIES,OZ,0,16.98
CHIC 42,1/29/2022,SATURDAY,6:15,FRENCH FRIES,OZ,4.46,25.71
CHIC 42,1/29/2022,SATURDAY,6:30,FRENCH FRIES,OZ,0,16.44
CHIC 42,1/29/2022,SATURDAY,6:45,FRENCH FRIES,OZ,4.46,27.24
CHIC 42,1/29/2022,SATURDAY,7:00,FRENCH FRIES,OZ,0,13.84
CHIC 42,1/29/2022,SATURDAY,7:15,FRENCH FRIES,OZ,0,14.18
CHIC 42,1/29/2022,SATURDAY,7:30,FRENCH FRIES,OZ,0,23.65
CHIC 42,1/29/2022,SATURDAY,7:45,FRENCH FRIES,OZ,4.46,29.34
CHIC 42,1/29/2022,SATURDAY,8:00,FRENCH FRIES,OZ,9.46,34.08
CHIC 42,1/29/2022,SATURDAY,8:15,FRENCH FRIES,OZ,0,59.34
CHIC 42,1/29/2022,SATURDAY,8:30,FRENCH FRIES,OZ,4.46,51.71
CHIC 42,1/29/2022,SATURDAY,8:45,FRENCH FRIES,OZ,17.44,51.08
CHIC 42,1/29/2022,SATURDAY,9:00,FRENCH FRIES,OZ,21.46,34.33
CHIC 42,1/29/2022,SATURDAY,9:15,FRENCH FRIES,OZ,12.98,56.63
CHIC 42,1/29/2022,SATURDAY,9:30,FRENCH FRIES,OZ,0,72.05
CHIC 42,1/29/2022,SATURDAY,9:45,FRENCH FRIES,OZ,26.36,56.14
CHIC 42,1/29/2022,SATURDAY,10:00,FRENCH FRIES,OZ,17,80.67
CHIC 42,1/29/2022,SATURDAY,10:15,FRENCH FRIES,OZ,4.46,69.97
CHIC 42,1/29/2022,SATURDAY,10:30,FRENCH FRIES,OZ,17.84,64.61
CHIC 42,1/29/2022,SATURDAY,10:45,FRENCH FRIES,OZ,30.82,105.72
CHIC 42,1/29/2022,SATURDAY,11:00,FRENCH FRIES,OZ,30.38,96.79
CHIC 42,1/29/2022,SATURDAY,11:15,FRENCH FRIES,OZ,17.84,126.93
CHIC 42,1/29/2022,SATURDAY,11:30,FRENCH FRIES,OZ,30.38,128.9
CHIC 42,1/29/2022,SATURDAY,11:45,FRENCH FRIES,OZ,44.2,123.27
CHIC 42,1/29/2022,SATURDAY,12:00,FRENCH FRIES,OZ,22.3,157.39
CHIC 42,1/29/2022,SATURDAY,12:15,FRENCH FRIES,OZ,73.74,157.31
CHIC 42,1/29/2022,SATURDAY,12:30,FRENCH FRIES,OZ,52.96,147.41
CHIC 42,1/29/2022,SATURDAY,12:45,FRENCH FRIES,OZ,79.58,164.66
CHIC 42,1/29/2022,SATURDAY,13:00,FRENCH FRIES,OZ,39.74,154.46
CHIC 42,1/29/2022,SATURDAY,13:15,FRENCH FRIES,OZ,40.14,161.46
CHIC 42,1/29/2022,SATURDAY,13:30,FRENCH FRIES,OZ,56.3,174.71
CHIC 42,1/29/2022,SATURDAY,13:45,FRENCH FRIES,OZ,22.3,146.81
CHIC 42,1/29/2022,SATURDAY,14:00,FRENCH FRIES,OZ,42.92,147.57
CHIC 42,1/29/2022,SATURDAY,14:15,FRENCH FRIES,OZ,30.52,162.01
CHIC 42,1/29/2022,SATURDAY,14:30,FRENCH FRIES,OZ,26.36,134.29
CHIC 42,1/29/2022,SATURDAY,14:45,FRENCH FRIES,OZ,72.5,128.55
CHIC 42,1/29/2022,SATURDAY,15:00,FRENCH FRIES,OZ,42.92,142.16
CHIC 42,1/29/2022,SATURDAY,15:15,FRENCH FRIES,OZ,51.98,123.79
CHIC 42,1/29/2022,SATURDAY,15:30,FRENCH FRIES,OZ,42.08,107
CHIC 42,1/29/2022,SATURDAY,15:45,FRENCH FRIES,OZ,43.9,135.08
CHIC 42,1/29/2022,SATURDAY,16:00,FRENCH FRIES,OZ,0,121.71
CHIC 42,1/29/2022,SATURDAY,16:15,FRENCH FRIES,OZ,90.3,139.35
CHIC 42,1/29/2022,SATURDAY,16:30,FRENCH FRIES,OZ,0,98.64
CHIC 42,1/29/2022,SATURDAY,16:45,FRENCH FRIES,OZ,53.4,102.08
CHIC 42,1/29/2022,SATURDAY,17:00,FRENCH FRIES,OZ,46.98,111.7
CHIC 42,1/29/2022,SATURDAY,17:15,FRENCH FRIES,OZ,43.36,113.3
CHIC 42,1/29/2022,SATURDAY,17:30,FRENCH FRIES,OZ,46.14,116.35
CHIC 42,1/29/2022,SATURDAY,17:45,FRENCH FRIES,OZ,46.58,120.92
CHIC 42,1/29/2022,SATURDAY,18:00,FRENCH FRIES,OZ,47.52,112.4
CHIC 42,1/29/2022,SATURDAY,18:15,FRENCH FRIES,OZ,26.76,125.92
CHIC 42,1/29/2022,SATURDAY,18:30,FRENCH FRIES,OZ,12.54,117.28
CHIC 42,1/29/2022,SATURDAY,18:45,FRENCH FRIES,OZ,27,119.55
CHIC 42,1/29/2022,SATURDAY,19:00,FRENCH FRIES,OZ,56.3,115.28
CHIC 42,1/29/2022,SATURDAY,19:15,FRENCH FRIES,OZ,35.42,97.63
CHIC 42,1/29/2022,SATURDAY,19:30,FRENCH FRIES,OZ,32.3,115.07
CHIC 42,1/29/2022,SATURDAY,19:45,FRENCH FRIES,OZ,33.6,95.7
CHIC 42,1/29/2022,SATURDAY,20:00,FRENCH FRIES,OZ,12.54,89.93
CHIC 42,1/29/2022,SATURDAY,20:15,FRENCH FRIES,OZ,17.84,79.86
CHIC 42,1/29/2022,SATURDAY,20:30,FRENCH FRIES,OZ,22.44,91.78
CHIC 42,1/29/2022,SATURDAY,20:45,FRENCH FRIES,OZ,76.52,114.99
CHIC 42,1/29/2022,SATURDAY,21:00,FRENCH FRIES,OZ,46.54,108.87
CHIC 42,1/29/2022,SATURDAY,21:15,FRENCH FRIES,OZ,39.74,81.97
CHIC 42,1/29/2022,SATURDAY,21:30,FRENCH FRIES,OZ,53.12,76.37
CHIC 42,1/29/2022,SATURDAY,21:45,FRENCH FRIES,OZ,59.08,93.89
CHIC 42,1/29/2022,SATURDAY,22:00,FRENCH FRIES,OZ,61.6,116.37
CHIC 42,1/29/2022,SATURDAY,22:15,FRENCH FRIES,OZ,59.34,82.3
CHIC 42,1/29/2022,SATURDAY,22:30,FRENCH FRIES,OZ,21.9,103.53
CHIC 42,1/29/2022,SATURDAY,22:45,FRENCH FRIES,OZ,77.76,126.48
CHIC 42,1/29/2022,SATURDAY,23:00,FRENCH FRIES,OZ,26.36,129.94
CHIC 42,1/29/2022,SATURDAY,23:15,FRENCH FRIES,OZ,51.44,121.54
CHIC 42,1/29/2022,SATURDAY,23:30,FRENCH FRIES,OZ,47.38,122.43
CHIC 42,1/29/2022,SATURDAY,23:45,FRENCH FRIES,OZ,38.46,119.97
CHIC 42,1/29/2022,SATURDAY,0:00,FRENCH FRIES,OZ,36.76,132.46
CHIC 42,1/29/2022,SATURDAY,0:15,FRENCH FRIES,OZ,13.38,127.48
CHIC 42,1/29/2022,SATURDAY,0:30,FRENCH FRIES,OZ,43.46,149.31
CHIC 42,1/29/2022,SATURDAY,0:45,FRENCH FRIES,OZ,81.96,121.32
CHIC 42,1/29/2022,SATURDAY,1:00,FRENCH FRIES,OZ,59.08,128.34
CHIC 42,1/29/2022,SATURDAY,1:15,FRENCH FRIES,OZ,25.96,90.34
CHIC 42,1/29/2022,SATURDAY,1:30,FRENCH FRIES,OZ,70.52,84.21
CHIC 42,1/29/2022,SATURDAY,1:45,FRENCH FRIES,OZ,17,99.29
CHIC 42,1/29/2022,SATURDAY,2:00,FRENCH FRIES,OZ,33.6,114.56
CHIC 42,1/29/2022,SATURDAY,2:15,FRENCH FRIES,OZ,35.68,102.6
CHIC 42,1/29/2022,SATURDAY,2:30,FRENCH FRIES,OZ,26.36,99.29
CHIC 42,1/29/2022,SATURDAY,2:45,FRENCH FRIES,OZ,47.82,85.77
CHIC 42,1/29/2022,SATURDAY,3:00,FRENCH FRIES,OZ,43.36,97.41
CHIC 42,1/29/2022,SATURDAY,3:15,FRENCH FRIES,OZ,8.92,91.28
CHIC 42,1/29/2022,SATURDAY,3:30,FRENCH FRIES,OZ,13.38,68.13
CHIC 42,1/29/2022,SATURDAY,3:45,FRENCH FRIES,OZ,25.92,70.02
CHIC 42,1/29/2022,SATURDAY,4:00,FRENCH FRIES,OZ,30.42,34.36
CHIC 42,1/29/2022,SATURDAY,4:15,FRENCH FRIES,OZ,4.46,33.74
CHIC 42,1/29/2022,SATURDAY,4:30,FRENCH FRIES,OZ,0,31.41
CHIC 42,1/29/2022,SATURDAY,4:45,FRENCH FRIES,OZ,17,14.09
CHIC 42,1/29/2022,SATURDAY,5:00,FRENCH FRIES,OZ,5,21.68
CHIC 42,1/29/2022,SATURDAY,5:15,FRENCH FRIES,OZ,0,28.42
CHIC 42,1/29/2022,SATURDAY,5:30,FRENCH FRIES,OZ,12.54,23.66
CHIC 42,1/29/2022,SATURDAY,5:45,FRENCH FRIES,OZ,0,15.5
